sha256	bytes	path
8a92becbebc2b45b7f87f6293a99b147e67606fd00dfb852f14ed47b1c37e811	21535120	2026-09-19-artifact-service/run-2026-09-19T16-13-23.731Z/tests-3.stderr
bb35a5273bb3c01db1d24ac680aa71b8f7da59b49c3c8b637a41c82532a8b24b	21535120	2026-09-19-artifact-service/run-2026-09-19T16-36-23.430Z/tests-3.stderr
c513febfb8be7cc39c6f357568d3ffb2ce1c00a59bc9a525fa51e4148bfb833f	21535840	2026-09-19-artifact-service/run-2026-09-19T19-48-31.223Z/tests-3.stderr
ae78e1eb42ae8433f760fbf45e83c7a8950803baa5868ab843c87ad66890a1b5	21536731	2026-09-19-artifact-service/run-2026-09-20T00-18-53.146Z/tests-3.stderr
c7b0a31b4e8b3f2411434b7d8bb74f0d7978a7172ff0206a889e8dd9a0a84121	21536749	2026-09-19-artifact-service/run-2026-09-20T02-12-30.329Z/tests-3.stderr
ff014ed134dc3c8037b668f5060a5e8b9f63ebcf892f260b9f9dde19ca45a725	2079680	2026-09-19-hast-adapter/inventory.json
82683c7782aab8d378b9a8591610d276fd44233de2e04becb0b2a1adc7b57e5a	2070858	2026-09-19-inventory/inventory.json
175a3c385e9ccac064d481fbf685624ae8af0ede6681d8b3a4457deae7211b53	2932168	2026-09-19-jquery-adapter/consumer-supplement/after.json
175a3c385e9ccac064d481fbf685624ae8af0ede6681d8b3a4457deae7211b53	2932168	2026-09-19-jquery-adapter/consumer-supplement/before.json
389eac7a54ef84dc7160bcae541a8c03b318ef36faae20f28f79be3065219d1b	2075782	2026-09-19-vitest-evidence/inventory.json
ed78a2b6d78bfa4703dee9190eddc2c2fecea7ab5f211c4c96932f3e9686662c	1079778	2026-09-19-vitest-evidence/zod-diagnostic/report.json
13e1579708240be1d18542e44da824db77a86e6bac375267cd6a7682d95a05bd	2394997	2026-09-20-adapter-inventory-2/katexlil/after.json
13e1579708240be1d18542e44da824db77a86e6bac375267cd6a7682d95a05bd	2394997	2026-09-20-adapter-inventory-2/katexlil/before.json
91292a4c6aafc2ee7d4b649e8ca13385357934e60ba293934cc9b769a6cf36ab	3788283	2026-09-20-adapter-inventory-2/posthoglil/after.json
91292a4c6aafc2ee7d4b649e8ca13385357934e60ba293934cc9b769a6cf36ab	3788283	2026-09-20-adapter-inventory-2/posthoglil/before.json
c8c5200acf3450ab3af5480ff31170edaa2830fcc831db900446a5aa21f34905	1551792	2026-09-20-adapter-inventory-2/rehypelil/after.json
c8c5200acf3450ab3af5480ff31170edaa2830fcc831db900446a5aa21f34905	1551792	2026-09-20-adapter-inventory-2/rehypelil/before.json
00d7d536a0fd0f159d13f32bf28925bccabeb24c276be74168548b46b8bfbf1b	1786599	2026-09-20-adapter-inventory-2/solidlil/after.json
ae38f4902af003467dbd99976f3e47886a69119262becd1b6c7dea817e4edd9b	1786599	2026-09-20-adapter-inventory-2/solidlil/before.json
7d6f4e4c306d45390c8bead10dcdfb938007e8d232faf41da831822fcec1ca5b	1076226	2026-09-20-adapter-inventory-3/mdast-util-from-markdownlil/after.json
7d6f4e4c306d45390c8bead10dcdfb938007e8d232faf41da831822fcec1ca5b	1076226	2026-09-20-adapter-inventory-3/mdast-util-from-markdownlil/before.json
4d090495f018a57a363c2ad5be8cfcb559fd883c1adc77ee1d88b5383263993d	3403408	2026-09-20-adapter-inventory-3/playcanvaslil/after.json
4d090495f018a57a363c2ad5be8cfcb559fd883c1adc77ee1d88b5383263993d	3403408	2026-09-20-adapter-inventory-3/playcanvaslil/before.json
fb27cc034739de0a90d3d13576c94c4d92556159b350e840bb2fa89f0d21f877	7292742	2026-09-20-adapter-inventory-3/react-markdownlil/after.json
fb27cc034739de0a90d3d13576c94c4d92556159b350e840bb2fa89f0d21f877	7292742	2026-09-20-adapter-inventory-3/react-markdownlil/before.json
7a8992b6c01fef196aaf5277efc61c931e2ad86b151e9f4c60d685c30ed22e59	1067465	2026-09-20-adapter-inventory-3/remarklil/after.json
7a8992b6c01fef196aaf5277efc61c931e2ad86b151e9f4c60d685c30ed22e59	1067465	2026-09-20-adapter-inventory-3/remarklil/before.json
524ca550b09cbdc8b78afaccb3d155d7de7a2cc1fb2492dfb88a1dfe0be51a0d	1888204	2026-09-20-adapter-inventory-3/solidlil/after.json
dc2d0460c50e4471c5bb2f540b7819c043f18005ff1b727caa75d97d4c98a9b5	1888204	2026-09-20-adapter-inventory-3/solidlil/before.json
ba4ea15f5846771a8a281a03414fb8b789e5fd32c3d7202731b7dc07f581824e	3788385	2026-09-20-adapter-inventory/posthoglil/after.json
ff783eeab03af74ab17ec0908866a4fb621d1b17b050667301b88907a3b0f090	1080589	2026-09-20-adapter-inventory/rehype-katexlil/after.json
ff783eeab03af74ab17ec0908866a4fb621d1b17b050667301b88907a3b0f090	1080589	2026-09-20-adapter-inventory/rehype-katexlil/before.json
9678c303851d6e7ae6f2f79612a97b55d33e5ed79e6e99a96cc50f3492df3a12	1551788	2026-09-20-adapter-inventory/rehypelil/after.json
9678c303851d6e7ae6f2f79612a97b55d33e5ed79e6e99a96cc50f3492df3a12	1551788	2026-09-20-adapter-inventory/rehypelil/before.json
22e72644609cf1d4076121917503df7ef2d0ae37848c5dfc503d49ff3e01a5da	1786595	2026-09-20-adapter-inventory/solidlil/after.json
b703035b0c9149ed1a37174543fcfc26e3e062eb3829e9d2df3add96b2840f2a	1786595	2026-09-20-adapter-inventory/solidlil/before.json
bf6ac03b3302884ccb5bb2db079e68f25fd557fa7f0e10f39829fd5e0a218e1a	1119751	2026-09-20-source-baselines-2/solidlil/before.json
cf8904aa5e785bfd7aec40c1346ee8b1992f043e75b7936325a3488b73ba9d9d	1325307	2026-09-20-source-baselines-2/zodlil/before.json
1ecb18c81a0016c19c89434d0f0f86019bf80280050c2cad613fb622708b42f6	1759592	2026-09-20-source-baselines/katexlil/before.json
ead1bba4b2ce4d8a9931b797d65f0dcdf38e3ced19525503abeb0ee74292ad8c	2191255	2026-09-20-source-baselines/posthoglil/before.json
bf6ac03b3302884ccb5bb2db079e68f25fd557fa7f0e10f39829fd5e0a218e1a	1119751	2026-09-20-source-baselines/solidlil/before.json
1ecb18c81a0016c19c89434d0f0f86019bf80280050c2cad613fb622708b42f6	1759592	2026-09-21-fleet-baselines-2/katexlil/before.json
162f3d43067b1227d16cf55353453e1da9424cb709c693ee33592582cec8bdbd	3530569	2026-09-21-fleet-baselines-2/mobxlil/before.json
ead1bba4b2ce4d8a9931b797d65f0dcdf38e3ced19525503abeb0ee74292ad8c	2191255	2026-09-21-fleet-baselines-2/posthoglil/before.json
1ecb18c81a0016c19c89434d0f0f86019bf80280050c2cad613fb622708b42f6	1759592	2026-09-21-fleet-baselines/katexlil/before.json
cad35b12272f1783dbb4535feee8ec2786ccd9d58c6b29b6955787f0fba09623	1117603	2026-09-21-fleet-baselines/micromarklil/node/report.json
162f3d43067b1227d16cf55353453e1da9424cb709c693ee33592582cec8bdbd	3530569	2026-09-21-fleet-baselines/mobxlil/before.json
ead1bba4b2ce4d8a9931b797d65f0dcdf38e3ced19525503abeb0ee74292ad8c	2191255	2026-09-21-fleet-baselines/posthoglil/before.json
bf6ac03b3302884ccb5bb2db079e68f25fd557fa7f0e10f39829fd5e0a218e1a	1119751	2026-09-21-fleet-baselines/solidlil/before.json
cf8904aa5e785bfd7aec40c1346ee8b1992f043e75b7936325a3488b73ba9d9d	1325307	2026-09-21-fleet-baselines/zodlil/before.json
0da6a49c4b6997c0ef3a0a892710d8caebcc52a17c02cc1e9491aa19b6d9a2d8	1198159	2026-09-21-inventory-verification/jquerylil/after.json
0da6a49c4b6997c0ef3a0a892710d8caebcc52a17c02cc1e9491aa19b6d9a2d8	1198159	2026-09-21-inventory-verification/jquerylil/before.json
2f3493637bbc828d93ecc98883ef4eb41a34ff9740f6f146f2a11ee01fd9694d	2537326	2026-09-21-inventory-verification/katexlil/after.json
2f3493637bbc828d93ecc98883ef4eb41a34ff9740f6f146f2a11ee01fd9694d	2537326	2026-09-21-inventory-verification/katexlil/before.json
441a969076b123273c332bbca3b0af64ba95b12b0907f9e0adb4e5153ac1149f	1325735	2026-09-21-inventory-verification/motionlil/after.json
441a969076b123273c332bbca3b0af64ba95b12b0907f9e0adb4e5153ac1149f	1325735	2026-09-21-inventory-verification/motionlil/before.json
2dd010219e23078c89e2461ac56ed5cb16b0b32e6de3653bef8ae86ee8ef056f	3938428	2026-09-21-inventory-verification/posthoglil/after.json
2dd010219e23078c89e2461ac56ed5cb16b0b32e6de3653bef8ae86ee8ef056f	3938428	2026-09-21-inventory-verification/posthoglil/before.json
23c8a6c07a8f121f7176dab56526513c1539e0eb4c767116d6f7a220aee0eb42	1144672	2026-09-21-inventory-verification/rehype-katexlil/after.json
23c8a6c07a8f121f7176dab56526513c1539e0eb4c767116d6f7a220aee0eb42	1144672	2026-09-21-inventory-verification/rehype-katexlil/before.json
ca5057b364500939e4f6c2fc7419cc59dfba7e54d3639f45686e737871540c9f	1629029	2026-09-21-inventory-verification/rehypelil/after.json
ca5057b364500939e4f6c2fc7419cc59dfba7e54d3639f45686e737871540c9f	1629029	2026-09-21-inventory-verification/rehypelil/before.json
c20ffab3e06250ec9f84f35aa4851d0ee62fd1828613c5b927d8c06546a36e76	1888210	2026-09-21-inventory-verification/solidlil/after.json
f0f0145589f8df400a51e0940ab4f59808cf2f8d98fce41b622c8518fe5fb1b4	1888210	2026-09-21-inventory-verification/solidlil/before.json
ead1bba4b2ce4d8a9931b797d65f0dcdf38e3ced19525503abeb0ee74292ad8c	2191255	2026-09-21-source-baselines/posthoglil/before.json
bf6ac03b3302884ccb5bb2db079e68f25fd557fa7f0e10f39829fd5e0a218e1a	1119751	2026-09-21-source-baselines/solidlil/before.json
